source_img,target_img
clothes_250001.jpg,clothes_100001.jpg
clothes_250001.jpg,clothes_100002.jpg
clothes_250001.jpg,clothes_100003.jpg
clothes_250001.jpg,clothes_100004.jpg
clothes_250001.jpg,clothes_100005.jpg
clothes_250001.jpg,clothes_100006.jpg
clothes_250001.jpg,clothes_100007.jpg
clothes_250001.jpg,clothes_100008.jpg
clothes_250001.jpg,clothes_100009.jpg
clothes_250001.jpg,clothes_100010.jpg
clothes_250001.jpg,clothes_100011.jpg
clothes_250001.jpg,clothes_100012.jpg
clothes_250001.jpg,clothes_100013.jpg
clothes_250001.jpg,clothes_100014.jpg
clothes_250001.jpg,clothes_100015.jpg
clothes_250001.jpg,clothes_100016.jpg
clothes_250001.jpg,clothes_100017.jpg
clothes_250001.jpg,clothes_100018.jpg
clothes_250001.jpg,clothes_100019.jpg
clothes_250001.jpg,clothes_100020.jpg
clothes_250001.jpg,clothes_100021.jpg
clothes_250001.jpg,clothes_100022.jpg
clothes_250001.jpg,clothes_100023.jpg
clothes_250001.jpg,clothes_100024.jpg
clothes_250001.jpg,clothes_100025.jpg
clothes_250001.jpg,clothes_100026.jpg
clothes_250001.jpg,clothes_100027.jpg
clothes_250001.jpg,clothes_100028.jpg
clothes_250001.jpg,clothes_100029.jpg
clothes_250001.jpg,clothes_100030.jpg
clothes_250001.jpg,clothes_100031.jpg
clothes_250001.jpg,clothes_100032.jpg
clothes_250001.jpg,clothes_100033.jpg
clothes_250001.jpg,clothes_100034.jpg
clothes_250001.jpg,clothes_100035.jpg
clothes_250001.jpg,clothes_100036.jpg
clothes_250001.jpg,clothes_100037.jpg
clothes_250001.jpg,clothes_100038.jpg
clothes_250001.jpg,clothes_100039.jpg
clothes_250001.jpg,clothes_100040.jpg
clothes_250001.jpg,clothes_100041.jpg
clothes_250001.jpg,clothes_100042.jpg
clothes_250001.jpg,clothes_100043.jpg
clothes_250001.jpg,clothes_100044.jpg
clothes_250001.jpg,clothes_100045.jpg
clothes_250001.jpg,clothes_100046.jpg
clothes_250001.jpg,clothes_100047.jpg
clothes_250001.jpg,clothes_100048.jpg
clothes_250001.jpg,clothes_100049.jpg
clothes_250001.jpg,clothes_100050.jpg
clothes_250002.jpg,clothes_100051.jpg
clothes_250002.jpg,clothes_100052.jpg
clothes_250002.jpg,clothes_100053.jpg
clothes_250002.jpg,clothes_100054.jpg
clothes_250002.jpg,clothes_100055.jpg
clothes_250002.jpg,clothes_100056.jpg
clothes_250002.jpg,clothes_100057.jpg
clothes_250002.jpg,clothes_100058.jpg
clothes_250002.jpg,clothes_100059.jpg
clothes_250002.jpg,clothes_100060.jpg
clothes_250002.jpg,clothes_100061.jpg
clothes_250002.jpg,clothes_100062.jpg
clothes_250002.jpg,clothes_100063.jpg
clothes_250002.jpg,clothes_100064.jpg
clothes_250002.jpg,clothes_100065.jpg
clothes_250002.jpg,clothes_100066.jpg
clothes_250002.jpg,clothes_100067.jpg
clothes_250002.jpg,clothes_100068.jpg
clothes_250002.jpg,clothes_100069.jpg
clothes_250002.jpg,clothes_100070.jpg
clothes_250002.jpg,clothes_100071.jpg
clothes_250002.jpg,clothes_100072.jpg
clothes_250002.jpg,clothes_100073.jpg
clothes_250002.jpg,clothes_100074.jpg
clothes_250002.jpg,clothes_100075.jpg
clothes_250002.jpg,clothes_100076.jpg
clothes_250002.jpg,clothes_100077.jpg
clothes_250002.jpg,clothes_100078.jpg
clothes_250002.jpg,clothes_100079.jpg
clothes_250002.jpg,clothes_100080.jpg
clothes_250002.jpg,clothes_100081.jpg
clothes_250002.jpg,clothes_100082.jpg
clothes_250002.jpg,clothes_100083.jpg
clothes_250002.jpg,clothes_100084.jpg
clothes_250002.jpg,clothes_100085.jpg
clothes_250002.jpg,clothes_100086.jpg
clothes_250002.jpg,clothes_100087.jpg
clothes_250002.jpg,clothes_100088.jpg
clothes_250002.jpg,clothes_100089.jpg
clothes_250002.jpg,clothes_100090.jpg
clothes_250002.jpg,clothes_100091.jpg
clothes_250002.jpg,clothes_100092.jpg
clothes_250002.jpg,clothes_100093.jpg
clothes_250002.jpg,clothes_100094.jpg
clothes_250002.jpg,clothes_100095.jpg
clothes_250002.jpg,clothes_100096.jpg
clothes_250002.jpg,clothes_100097.jpg
clothes_250002.jpg,clothes_100098.jpg
clothes_250002.jpg,clothes_100099.jpg
clothes_250002.jpg,clothes_100100.jpg
clothes_250003.jpg,clothes_100101.jpg
clothes_250003.jpg,clothes_100102.jpg
clothes_250003.jpg,clothes_100103.jpg
clothes_250003.jpg,clothes_100104.jpg
clothes_250003.jpg,clothes_100105.jpg
clothes_250003.jpg,clothes_100106.jpg
clothes_250003.jpg,clothes_100107.jpg
clothes_250003.jpg,clothes_100108.jpg
clothes_250003.jpg,clothes_100109.jpg
clothes_250003.jpg,clothes_100110.jpg
clothes_250003.jpg,clothes_100111.jpg
clothes_250003.jpg,clothes_100112.jpg
clothes_250003.jpg,clothes_100113.jpg
clothes_250003.jpg,clothes_100114.jpg
clothes_250003.jpg,clothes_100115.jpg
clothes_250003.jpg,clothes_100116.jpg
clothes_250003.jpg,clothes_100117.jpg
clothes_250003.jpg,clothes_100118.jpg
clothes_250003.jpg,clothes_100119.jpg
clothes_250003.jpg,clothes_100120.jpg
clothes_250003.jpg,clothes_100121.jpg
clothes_250003.jpg,clothes_100122.jpg
clothes_250003.jpg,clothes_100123.jpg
clothes_250003.jpg,clothes_100124.jpg
clothes_250003.jpg,clothes_100125.jpg
clothes_250003.jpg,clothes_100126.jpg
clothes_250003.jpg,clothes_100127.jpg
clothes_250003.jpg,clothes_100128.jpg
clothes_250003.jpg,clothes_100129.jpg
clothes_250003.jpg,clothes_100130.jpg
clothes_250003.jpg,clothes_100131.jpg
clothes_250003.jpg,clothes_100132.jpg
clothes_250003.jpg,clothes_100133.jpg
clothes_250003.jpg,clothes_100134.jpg
clothes_250003.jpg,clothes_100135.jpg
clothes_250003.jpg,clothes_100136.jpg
clothes_250003.jpg,clothes_100137.jpg
clothes_250003.jpg,clothes_100138.jpg
clothes_250003.jpg,clothes_100139.jpg
clothes_250003.jpg,clothes_100140.jpg
clothes_250003.jpg,clothes_100141.jpg
clothes_250003.jpg,clothes_100142.jpg
clothes_250003.jpg,clothes_100143.jpg
clothes_250003.jpg,clothes_100144.jpg
clothes_250003.jpg,clothes_100145.jpg
clothes_250003.jpg,clothes_100146.jpg
clothes_250003.jpg,clothes_100147.jpg
clothes_250003.jpg,clothes_100148.jpg
clothes_250003.jpg,clothes_100149.jpg
clothes_250003.jpg,clothes_100150.jpg
shoes_250001.jpg,shoes_100001.jpg
shoes_250001.jpg,shoes_100002.jpg
shoes_250001.jpg,shoes_100003.jpg
shoes_250001.jpg,shoes_100004.jpg
shoes_250001.jpg,shoes_100005.jpg
shoes_250001.jpg,shoes_100006.jpg
shoes_250001.jpg,shoes_100007.jpg
shoes_250001.jpg,shoes_100008.jpg
shoes_250001.jpg,shoes_100009.jpg
shoes_250001.jpg,shoes_100010.jpg
shoes_250001.jpg,shoes_100011.jpg
shoes_250001.jpg,shoes_100012.jpg
shoes_250001.jpg,shoes_100013.jpg
shoes_250001.jpg,shoes_100014.jpg
shoes_250001.jpg,shoes_100015.jpg
shoes_250001.jpg,shoes_100016.jpg
shoes_250001.jpg,shoes_100017.jpg
shoes_250001.jpg,shoes_100018.jpg
shoes_250001.jpg,shoes_100019.jpg
shoes_250001.jpg,shoes_100020.jpg
shoes_250001.jpg,shoes_100021.jpg
shoes_250001.jpg,shoes_100022.jpg
shoes_250001.jpg,shoes_100023.jpg
shoes_250001.jpg,shoes_100024.jpg
shoes_250001.jpg,shoes_100025.jpg
shoes_250001.jpg,shoes_100026.jpg
shoes_250001.jpg,shoes_100027.jpg
shoes_250001.jpg,shoes_100028.jpg
shoes_250001.jpg,shoes_100029.jpg
shoes_250001.jpg,shoes_100030.jpg
shoes_250001.jpg,shoes_100031.jpg
shoes_250001.jpg,shoes_100032.jpg
shoes_250001.jpg,shoes_100033.jpg
shoes_250001.jpg,shoes_100034.jpg
shoes_250001.jpg,shoes_100035.jpg
shoes_250001.jpg,shoes_100036.jpg
shoes_250001.jpg,shoes_100037.jpg
shoes_250001.jpg,shoes_100038.jpg
shoes_250001.jpg,shoes_100039.jpg
shoes_250001.jpg,shoes_100040.jpg
shoes_250001.jpg,shoes_100041.jpg
shoes_250001.jpg,shoes_100042.jpg
shoes_250001.jpg,shoes_100043.jpg
shoes_250001.jpg,shoes_100044.jpg
shoes_250001.jpg,shoes_100045.jpg
shoes_250001.jpg,shoes_100046.jpg
shoes_250001.jpg,shoes_100047.jpg
shoes_250001.jpg,shoes_100048.jpg
shoes_250001.jpg,shoes_100049.jpg
shoes_250001.jpg,shoes_100050.jpg
shoes_250002.jpg,shoes_100051.jpg
shoes_250002.jpg,shoes_100052.jpg
shoes_250002.jpg,shoes_100053.jpg
shoes_250002.jpg,shoes_100054.jpg
shoes_250002.jpg,shoes_100055.jpg
shoes_250002.jpg,shoes_100056.jpg
shoes_250002.jpg,shoes_100057.jpg
shoes_250002.jpg,shoes_100058.jpg
shoes_250002.jpg,shoes_100059.jpg
shoes_250002.jpg,shoes_100060.jpg
shoes_250002.jpg,shoes_100061.jpg
shoes_250002.jpg,shoes_100062.jpg
shoes_250002.jpg,shoes_100063.jpg
shoes_250002.jpg,shoes_100064.jpg
shoes_250002.jpg,shoes_100065.jpg
shoes_250002.jpg,shoes_100066.jpg
shoes_250002.jpg,shoes_100067.jpg
shoes_250002.jpg,shoes_100068.jpg
shoes_250002.jpg,shoes_100069.jpg
shoes_250002.jpg,shoes_100070.jpg
shoes_250002.jpg,shoes_100071.jpg
shoes_250002.jpg,shoes_100072.jpg
shoes_250002.jpg,shoes_100073.jpg
shoes_250002.jpg,shoes_100074.jpg
shoes_250002.jpg,shoes_100075.jpg
shoes_250002.jpg,shoes_100076.jpg
shoes_250002.jpg,shoes_100077.jpg
shoes_250002.jpg,shoes_100078.jpg
shoes_250002.jpg,shoes_100079.jpg
shoes_250002.jpg,shoes_100080.jpg
shoes_250002.jpg,shoes_100081.jpg
shoes_250002.jpg,shoes_100082.jpg
shoes_250002.jpg,shoes_100083.jpg
shoes_250002.jpg,shoes_100084.jpg
shoes_250002.jpg,shoes_100085.jpg
shoes_250002.jpg,shoes_100086.jpg
shoes_250002.jpg,shoes_100087.jpg
shoes_250002.jpg,shoes_100088.jpg
shoes_250002.jpg,shoes_100089.jpg
shoes_250002.jpg,shoes_100090.jpg
shoes_250002.jpg,shoes_100091.jpg
shoes_250002.jpg,shoes_100092.jpg
shoes_250002.jpg,shoes_100093.jpg
shoes_250002.jpg,shoes_100094.jpg
shoes_250002.jpg,shoes_100095.jpg
shoes_250002.jpg,shoes_100096.jpg
shoes_250002.jpg,shoes_100097.jpg
shoes_250002.jpg,shoes_100098.jpg
shoes_250002.jpg,shoes_100099.jpg
shoes_250002.jpg,shoes_100100.jpg
shoes_250003.jpg,shoes_100101.jpg
shoes_250003.jpg,shoes_100102.jpg
shoes_250003.jpg,shoes_100103.jpg
shoes_250003.jpg,shoes_100104.jpg
shoes_250003.jpg,shoes_100105.jpg
shoes_250003.jpg,shoes_100106.jpg
shoes_250003.jpg,shoes_100107.jpg
shoes_250003.jpg,shoes_100108.jpg
shoes_250003.jpg,shoes_100109.jpg
shoes_250003.jpg,shoes_100110.jpg
shoes_250003.jpg,shoes_100111.jpg
shoes_250003.jpg,shoes_100112.jpg
shoes_250003.jpg,shoes_100113.jpg
shoes_250003.jpg,shoes_100114.jpg
shoes_250003.jpg,shoes_100115.jpg
shoes_250003.jpg,shoes_100116.jpg
shoes_250003.jpg,shoes_100117.jpg
shoes_250003.jpg,shoes_100118.jpg
shoes_250003.jpg,shoes_100119.jpg
shoes_250003.jpg,shoes_100120.jpg
shoes_250003.jpg,shoes_100121.jpg
shoes_250003.jpg,shoes_100122.jpg
shoes_250003.jpg,shoes_100123.jpg
shoes_250003.jpg,shoes_100124.jpg
shoes_250003.jpg,shoes_100125.jpg
shoes_250003.jpg,shoes_100126.jpg
shoes_250003.jpg,shoes_100127.jpg
shoes_250003.jpg,shoes_100128.jpg
shoes_250003.jpg,shoes_100129.jpg
shoes_250003.jpg,shoes_100130.jpg
shoes_250003.jpg,shoes_100131.jpg
shoes_250003.jpg,shoes_100132.jpg
shoes_250003.jpg,shoes_100133.jpg
shoes_250003.jpg,shoes_100134.jpg
shoes_250003.jpg,shoes_100135.jpg
shoes_250003.jpg,shoes_100136.jpg
shoes_250003.jpg,shoes_100137.jpg
shoes_250003.jpg,shoes_100138.jpg
shoes_250003.jpg,shoes_100139.jpg
shoes_250003.jpg,shoes_100140.jpg
shoes_250003.jpg,shoes_100141.jpg
shoes_250003.jpg,shoes_100142.jpg
shoes_250003.jpg,shoes_100143.jpg
shoes_250003.jpg,shoes_100144.jpg
shoes_250003.jpg,shoes_100145.jpg
shoes_250003.jpg,shoes_100146.jpg
shoes_250003.jpg,shoes_100147.jpg
shoes_250003.jpg,shoes_100148.jpg
shoes_250003.jpg,shoes_100149.jpg
shoes_250003.jpg,shoes_100150.jpg
